rating,count,mean
1,15,34.31133333333333
2,8,33.8675
3,13,38.808461538461536
4,10,35.525999999999996
5,14,32.48428571428571
